{"metadata":{"asset_id":"2c218009-2caa-4c5a-b97f-f632a8b845f3","asset_attributes":["data_asset","location_definition"],"name":"Crop_recommendation (1).csv","asset_type":"data_asset","created_at":"2025-07-24T14:49:24Z","origin_country":"us","owner_id":"IBMid-6940010FX2","project_id":"a01fe890-3ef5-4487-beef-656e534bd338","size":150034,"usage":{"last_update_time":1753368565665,"last_updated_at":"2025-07-24T14:49:25Z"}},"entity":{"data_asset":{"dataset":false,"mime_type":"text/csv"},"location_definition":{"physical_location_code":"SYD","physical_location_code_assigned_by":"IBMid-6940010FX2","physical_location_code_rds_id":"c57cb90f-2126-3800-9c9f-9eab82021cdf","physical_location_code_rds_version":"00002025-0724-4144-8834-586979000000_1","physical_location_code_assignment_method":"INFERRED","physical_location_code_added_on":"1753368565663"}},"attachments":[{"id":"7a026316-5889-44b4-afaa-42b5763f1dcb","version":2,"asset_type":"data_asset","name":"Crop_recommendation (1).csv","mime":"text/csv","datasource_type":"193a97c1-4475-4a19-b90c-295c4fdc6517","object_key":"Crop_recommendation (1).csv","creator_id":"IBMid-6940010FX2","create_time":1753368565664,"size":150034,"is_remote":false,"is_managed":false,"is_referenced":true,"is_object_key_read_only":true,"is_user_provided_path_key":true,"transfer_complete":true,"is_partitioned":false,"complete_time_ticks":1753368565664,"user_data":{},"test_doc":0,"handle":{"bucket":"aicrop-donotdelete-pr-yghfhutesj6iml","location":"au-syd","type":"bluemix_cos","key":"Crop_recommendation (1).csv","upload_id":"done","max_part_num":1},"usage":{"access_count":0,"last_accessor_id":"IBMid-6940010FX2","last_access_time":1753368565664}}]}
