{"metadata":{"asset_id":"16aee2cc-c238-422b-bf14-fe64a72c6d4f","asset_attributes":["wml_model","location_definition"],"name":" P8 - Random Forest Classifier: AI_CROP","asset_type":"wml_model","created_at":"2025-07-24T15:09:23Z","origin_country":"au","owner_id":"IBMid-6940010FX2","project_id":"a01fe890-3ef5-4487-beef-656e534bd338","resource_key":"a5b13287-b175-428e-b077-f3eb55f0b7f2","sandbox_id":"a01fe890-3ef5-4487-beef-656e534bd338","size":150781,"usage":{"last_update_time":1753369764552,"last_updated_at":"2025-07-24T15:09:24Z"}},"entity":{"wml_model":{"content_import_state":"completed","content_location":{"contents":[{"content_format":"pipeline-node","file_name":"P8_automl.zip","location":"auto_ml/717b5538-2b2f-4e8d-9a43-b54b2cb74782/wml_data/b342a297-fd8c-4583-8359-8d405375e68e/assets/b342a297-fd8c-4583-8359-8d405375e68e_P8_hpo_c_output/resources/wml_model/P8_automl.zip","pipeline_node_id":"automl"},{"content_format":"native","file_name":"pipeline_model.json","location":"auto_ml/717b5538-2b2f-4e8d-9a43-b54b2cb74782/wml_data/b342a297-fd8c-4583-8359-8d405375e68e/assets/b342a297-fd8c-4583-8359-8d405375e68e_P8_hpo_c_output/resources/wml_model/pipeline_model.json"}],"location":{"assets_path":"auto_ml/717b5538-2b2f-4e8d-9a43-b54b2cb74782/wml_data/b342a297-fd8c-4583-8359-8d405375e68e/assets","notebooks_path":"auto_ml/717b5538-2b2f-4e8d-9a43-b54b2cb74782/wml_data/b342a297-fd8c-4583-8359-8d405375e68e/notebooks","path":"auto_ml/717b5538-2b2f-4e8d-9a43-b54b2cb74782/wml_data","training":"auto_ml/717b5538-2b2f-4e8d-9a43-b54b2cb74782/wml_data/b342a297-fd8c-4583-8359-8d405375e68e","training_log":"auto_ml/717b5538-2b2f-4e8d-9a43-b54b2cb74782/wml_data/b342a297-fd8c-4583-8359-8d405375e68e/data/automl/training.log","training_status":"auto_ml/717b5538-2b2f-4e8d-9a43-b54b2cb74782/wml_data/b342a297-fd8c-4583-8359-8d405375e68e/training-status.json"},"type":"container"},"data_preprocessing":[{"input":{"columns":8,"rows":2200},"output":{"columns":8,"rows":2200},"props":{"type":"stratified"},"stage":"sampling"},{"input":{"columns":8,"rows":2200},"output":{"columns":8,"rows":2200},"props":{"duplicated_rows_count":0},"stage":"cleansing"}],"hybrid_pipeline_software_specs":[{"name":"autoai-kb_rt24.1-py3.11"}],"label_column":"label","metrics":[{"context":{"classes":["apple","banana","blackgram","chickpea","coconut","coffee","cotton","grapes","jute","kidneybeans","lentil","maize","mango","mothbeans","mungbean","muskmelon","orange","papaya","pigeonpeas","pomegranate","rice","watermelon"],"features_importance":[{"computation_type":"","features":{"K":0.2229,"N":0.1437,"P":0.1517,"humidity":0.2039,"ph":0.0268,"rainfall":0.1855,"temperature":0.0655},"stage":"Mean"}],"incremental_training":{},"intermediate_model":{"composition_steps":["Split_TrainingHoldout","TrainingDataset_full_1980_7","Datetime_FE","TrainingDataset_full_1980_7","Preprocessor_default","DAUB","hpo_d","cognito","hpo_c"],"duration":167352,"location":{"model":"auto_ml/717b5538-2b2f-4e8d-9a43-b54b2cb74782/wml_data/b342a297-fd8c-4583-8359-8d405375e68e/data/automl/hpo_c_output/Pipeline5/model.pickle","pipeline":"auto_ml/717b5538-2b2f-4e8d-9a43-b54b2cb74782/wml_data/b342a297-fd8c-4583-8359-8d405375e68e/data/automl/hpo_c_output/Pipeline5/pipeline.json","pipeline_model":"auto_ml/717b5538-2b2f-4e8d-9a43-b54b2cb74782/wml_data/b342a297-fd8c-4583-8359-8d405375e68e/data/automl/hpo_c_output/Pipeline5/pipeline-model.json"},"name":"P8","notebook_location":"auto_ml/717b5538-2b2f-4e8d-9a43-b54b2cb74782/wml_data/b342a297-fd8c-4583-8359-8d405375e68e/data/automl/hpo_c_output/Pipeline5/notebook.ipynb","pipeline_nodes":["PreprocessingTransformer","RandomForestClassifier"],"process":"hpo_c_output","schema_location":"auto_ml/717b5538-2b2f-4e8d-9a43-b54b2cb74782/wml_data/b342a297-fd8c-4583-8359-8d405375e68e/data/automl/hpo_c_output/Pipeline5/schema.json"},"multi_class_classification":{"one_vs_all_location":"auto_ml/717b5538-2b2f-4e8d-9a43-b54b2cb74782/wml_data/b342a297-fd8c-4583-8359-8d405375e68e/data/automl/hpo_c_output/Pipeline5/one_vs_all.json"},"phase":"hpo_c_output","prediction_type":"classification","target_column":"label"},"ml_metrics":{"holdout_accuracy":0.990909090909091,"holdout_f1_macro":0.9908863066757803,"holdout_f1_micro":0.990909090909091,"holdout_f1_weighted":0.9908863066757805,"holdout_neg_log_loss":-0.33492721061985253,"holdout_precision_macro":0.9917355371900828,"holdout_precision_micro":0.990909090909091,"holdout_precision_weighted":0.9917355371900827,"holdout_recall_macro":0.9909090909090907,"holdout_recall_micro":0.990909090909091,"holdout_recall_weighted":0.990909090909091,"training_accuracy":0.9939393939393938,"training_f1_macro":0.9939301142889251,"training_f1_micro":0.9939393939393938,"training_f1_weighted":0.9939301142889251,"training_neg_log_loss":-0.34372922457844995,"training_precision_macro":0.9943431751532925,"training_precision_micro":0.9939393939393938,"training_precision_weighted":0.9943431751532925,"training_recall_macro":0.993939393939394,"training_recall_micro":0.9939393939393938,"training_recall_weighted":0.9939393939393938},"timestamp":"2025-07-24T15:02:46Z"}],"pipeline":{"id":"e2df074d-c89f-4b7c-b4db-3590868758ea"},"schemas":{"input":[{"fields":[{"name":"N","nullable":false,"type":"double"},{"name":"P","nullable":false,"type":"double"},{"name":"K","nullable":false,"type":"double"},{"name":"temperature","nullable":false,"type":"double"},{"name":"humidity","nullable":false,"type":"double"},{"name":"ph","nullable":false,"type":"double"},{"name":"rainfall","nullable":false,"type":"double"}],"id":"auto_ai_kb_input_schema"}],"output":[]},"software_spec":{"id":"8c1a58c6-62b5-4dc4-987a-df751c2756b6","name":"hybrid_0.1"},"training_data_references":[{"connection":{},"id":"Crop_recommendation (1).csv","location":{"href":"/v2/assets/2c218009-2caa-4c5a-b97f-f632a8b845f3?project_id=a01fe890-3ef5-4487-beef-656e534bd338","id":"2c218009-2caa-4c5a-b97f-f632a8b845f3","project_id":"a01fe890-3ef5-4487-beef-656e534bd338","userfs":"false"},"schema":{"fields":[{"name":"N","nullable":false,"type":"double"},{"name":"P","nullable":false,"type":"double"},{"name":"K","nullable":false,"type":"double"},{"name":"temperature","nullable":false,"type":"double"},{"name":"humidity","nullable":false,"type":"double"},{"name":"ph","nullable":false,"type":"double"},{"name":"rainfall","nullable":false,"type":"double"},{"name":"label","nullable":false,"type":"other"}],"id":"auto_ai_kb_input_schema"},"type":"data_asset"}],"training_id":"b342a297-fd8c-4583-8359-8d405375e68e","type":"wml-hybrid_0.1","ml_version":"4.0.19"}},"attachments":[{"id":"f94a1081-0d0a-4ec0-b975-a183164a9b09","version":2,"asset_type":"wml_model","name":"P8_automl.zip","datasource_type":"193a97c1-4475-4a19-b90c-295c4fdc6517","creator_id":"IBMid-6940010FX2","create_time":1753369763382,"size":148874,"is_remote":false,"is_managed":true,"is_referenced":false,"is_object_key_read_only":false,"is_user_provided_path_key":false,"transfer_complete":true,"is_partitioned":false,"complete_time_ticks":1753369764435,"user_data":{"content_format":"pipeline-node","pipeline_node_id":"automl"},"test_doc":0,"handle":{"bucket":"aicrop-donotdelete-pr-yghfhutesj6iml","location":"au-syd","type":"bluemix_cos","key":"8f6d1007-fe04-4508-a228-e87047c5a2a3/16aee2cc-c238-422b-bf14-fe64a72c6d4f/f94a1081-0d0a-4ec0-b975-a183164a9b09","upload_id":"done","max_part_num":1},"usage":{"access_count":1,"last_accessor_id":"IBMid-6940010FX2","last_access_time":1753369764435,"last_updater_id":"IBMid-6940010FX2","last_update_time":1753369764435}},{"id":"c7a126aa-5290-4f52-ad80-af0c9df5f9c1","version":2,"asset_type":"wml_model","name":"pipeline_model.json","datasource_type":"193a97c1-4475-4a19-b90c-295c4fdc6517","creator_id":"IBMid-6940010FX2","create_time":1753369763450,"size":1907,"is_remote":false,"is_managed":true,"is_referenced":false,"is_object_key_read_only":false,"is_user_provided_path_key":false,"transfer_complete":true,"is_partitioned":false,"complete_time_ticks":1753369764552,"user_data":{"content_format":"native"},"test_doc":0,"handle":{"bucket":"aicrop-donotdelete-pr-yghfhutesj6iml","location":"au-syd","type":"bluemix_cos","key":"8f6d1007-fe04-4508-a228-e87047c5a2a3/16aee2cc-c238-422b-bf14-fe64a72c6d4f/c7a126aa-5290-4f52-ad80-af0c9df5f9c1","upload_id":"done","max_part_num":1},"usage":{"access_count":1,"last_accessor_id":"IBMid-6940010FX2","last_access_time":1753369764552,"last_updater_id":"IBMid-6940010FX2","last_update_time":1753369764552}}]}
