{"metadata":{"asset_id":"e2df074d-c89f-4b7c-b4db-3590868758ea","asset_attributes":["wml_pipeline"],"name":"AI_CROP","asset_type":"wml_pipeline","created_at":"2025-07-24T14:54:17Z","origin_country":"au","owner_id":"IBMid-6940010FX2","project_id":"a01fe890-3ef5-4487-beef-656e534bd338","sandbox_id":"a01fe890-3ef5-4487-beef-656e534bd338","size":0,"tags":["dsx-project.a01fe890-3ef5-4487-beef-656e534bd338"],"usage":{"last_update_time":1753368857085,"last_updated_at":"2025-07-24T14:54:17Z"}},"entity":{"wml_pipeline":{"document":{"doc_type":"pipeline","pipelines":[{"id":"autoai","nodes":[{"id":"automl","op":"kube","parameters":{"incremental_learning":false,"input_file_separator":",","n_parallel_data_connections":4,"one_vs_all_file":true,"optimization":{"compute_pipeline_notebooks_flag":true,"cv_num_folds":3,"daub_adaptive_subsampling_max_mem_usage":15000000000,"feature_selector_mode":"auto","global_stage_include_batched_ensemble_estimators":[],"holdout_param":0.1,"label":"label","learning_type":"classification","max_num_daub_ensembles":2,"run_cognito_flag":true,"scorer_for_ranking":"accuracy"},"output_logs":true,"stage_flag":true},"runtime_ref":"autoai","type":"execution_node"}],"runtime_ref":"hybrid"}],"primary_pipeline":"autoai","runtimes":[{"app_data":{"wml_data":{"hardware_spec":{"id":"a6c4923b-b8e4-444c-9f43-8a7ec3020110","name":"L"}}},"id":"autoai","name":"auto_ai.kb"}],"version":"2.0"},"ml_version":"4.0.5"}}}
